year,State,number_of_hazardous_incidents
2007,AA,1
1972,AK,1
1973,AK,4
1974,AK,8
1975,AK,11
1976,AK,9
1977,AK,10
1978,AK,12
1979,AK,7
1980,AK,10
1981,AK,6
1982,AK,5
1983,AK,5
1984,AK,14
1985,AK,6
1986,AK,13
1987,AK,9
1988,AK,9
1989,AK,21
1990,AK,22
1991,AK,24
1992,AK,16
1993,AK,10
1994,AK,10
1995,AK,14
1996,AK,26
1997,AK,38
1998,AK,30
1999,AK,49
2000,AK,47
2001,AK,19
2002,AK,10
2003,AK,6
2004,AK,18
2005,AK,49
2006,AK,69
2007,AK,47
2008,AK,82
2009,AK,181
2010,AK,125
2011,AK,136
2012,AK,206
2013,AK,212
2014,AK,230
2015,AK,141
2016,AK,15
1971,AL,50
1972,AL,77
1973,AL,72
1974,AL,198
1975,AL,278
1976,AL,314
1977,AL,181
1978,AL,225
1979,AL,209
1980,AL,235
1981,AL,214
1982,AL,156
1983,AL,151
1984,AL,157
1985,AL,92
1986,AL,91
1987,AL,112
1988,AL,126
1989,AL,122
1990,AL,161
1991,AL,159
1992,AL,118
1993,AL,186
1994,AL,128
1995,AL,172
1996,AL,174
1997,AL,187
1998,AL,219
1999,AL,222
2000,AL,222
2001,AL,211
2002,AL,197
2003,AL,203
2004,AL,173
2005,AL,220
2006,AL,246
2007,AL,223
2008,AL,155
2009,AL,129
2010,AL,183
2011,AL,185
2012,AL,189
2013,AL,236
2014,AL,203
2015,AL,247
2016,AL,22
1971,AR,11
1972,AR,28
1973,AR,57
1974,AR,119
1975,AR,144
1976,AR,158
1977,AR,276
1978,AR,205
1979,AR,199
1980,AR,171
1981,AR,269
1982,AR,94
1983,AR,78
1984,AR,52
1985,AR,93
1986,AR,111
1987,AR,94
1988,AR,114
1989,AR,108
1990,AR,126
1991,AR,109
1992,AR,118
1993,AR,185
1994,AR,293
1995,AR,218
1996,AR,220
1997,AR,223
1998,AR,228
1999,AR,256
2000,AR,228
2001,AR,187
2002,AR,193
2003,AR,160
2004,AR,142
2005,AR,201
2006,AR,223
2007,AR,200
2008,AR,188
2009,AR,154
2010,AR,171
2011,AR,164
2012,AR,183
2013,AR,172
2014,AR,170
2015,AR,190
2016,AR,10
1971,AZ,41
1972,AZ,82
1973,AZ,93
1974,AZ,142
1975,AZ,153
1976,AZ,157
1977,AZ,155
1978,AZ,142
1979,AZ,141
1980,AZ,193
1981,AZ,176
1982,AZ,132
1983,AZ,118
1984,AZ,106
1985,AZ,95
1986,AZ,92
1987,AZ,55
1988,AZ,55
1989,AZ,67
1990,AZ,121
1991,AZ,78
1992,AZ,106
1993,AZ,128
1994,AZ,142
1995,AZ,140
1996,AZ,234
1997,AZ,342
1998,AZ,214
1999,AZ,302
2000,AZ,206
2001,AZ,226
2002,AZ,209
2003,AZ,239
2004,AZ,249
2005,AZ,287
2006,AZ,374
2007,AZ,346
2008,AZ,335
2009,AZ,238
2010,AZ,245
2011,AZ,317
2012,AZ,262
2013,AZ,309
2014,AZ,300
2015,AZ,355
2016,AZ,46
1971,CA,205
1972,CA,274
1973,CA,354
1974,CA,522
1975,CA,512
1976,CA,397
1977,CA,463
1978,CA,432
1979,CA,451
1980,CA,437
1981,CA,510
1982,CA,363
1983,CA,378
1984,CA,435
1985,CA,468
1986,CA,421
1987,CA,378
1988,CA,315
1989,CA,453
1990,CA,772
1991,CA,825
1992,CA,884
1993,CA,1309
1994,CA,1436
1995,CA,1142
1996,CA,964
1997,CA,1039
1998,CA,1154
1999,CA,1242
2000,CA,1224
2001,CA,1328
2002,CA,1125
2003,CA,1214
2004,CA,1219
2005,CA,1299
2006,CA,1872
2007,CA,1791
2008,CA,1618
2009,CA,1448
2010,CA,1342
2011,CA,1404
2012,CA,1307
2013,CA,1457
2014,CA,1472
2015,CA,1475
2016,CA,143
1971,CO,51
1972,CO,63
1973,CO,62
1974,CO,98
1975,CO,109
1976,CO,114
1977,CO,175
1978,CO,157
1979,CO,167
1980,CO,112
1981,CO,147
1982,CO,111
1983,CO,108
1984,CO,92
1985,CO,73
1986,CO,96
1987,CO,85
1988,CO,80
1989,CO,143
1990,CO,126
1991,CO,155
1992,CO,246
1993,CO,280
1994,CO,427
1995,CO,346
1996,CO,445
1997,CO,326
1998,CO,268
1999,CO,227
2000,CO,262
2001,CO,355
2002,CO,334
2003,CO,379
2004,CO,362
2005,CO,270
2006,CO,441
2007,CO,461
2008,CO,405
2009,CO,396
2010,CO,380
2011,CO,410
2012,CO,389
2013,CO,344
2014,CO,374
2015,CO,372
2016,CO,48
1971,CT,27
1972,CT,57
1973,CT,83
1974,CT,55
1975,CT,79
1976,CT,75
1977,CT,69
1978,CT,48
1979,CT,71
1980,CT,43
1981,CT,50
1982,CT,48
1983,CT,38
1984,CT,28
1985,CT,21
1986,CT,30
1987,CT,45
1988,CT,46
1989,CT,78
1990,CT,74
1991,CT,83
1992,CT,69
1993,CT,83
1994,CT,105
1995,CT,155
1996,CT,151
1997,CT,155
1998,CT,165
1999,CT,226
2000,CT,319
2001,CT,346
2002,CT,348
2003,CT,283
2004,CT,245
2005,CT,217
2006,CT,259
2007,CT,225
2008,CT,217
2009,CT,227
2010,CT,166
2011,CT,160
2012,CT,207
2013,CT,165
2014,CT,216
2015,CT,202
2016,CT,26
1971,DC,3
1972,DC,3
1973,DC,9
1974,DC,10
1975,DC,13
1976,DC,10
1977,DC,12
1978,DC,10
1979,DC,10
1980,DC,9
1981,DC,8
1982,DC,14
1983,DC,30
1984,DC,12
1985,DC,12
1986,DC,10
1987,DC,7
1988,DC,7
1989,DC,16
1990,DC,25
1991,DC,9
1992,DC,10
1993,DC,3
1994,DC,9
1995,DC,9
1996,DC,3
1997,DC,9
1998,DC,5
1999,DC,12
2000,DC,6
2001,DC,8
2002,DC,5
2003,DC,10
2004,DC,14
2005,DC,5
2006,DC,9
2007,DC,6
2008,DC,7
2009,DC,3
2010,DC,3
2011,DC,3
2012,DC,1
2013,DC,2
2014,DC,1
2015,DC,7
1972,DE,9
1973,DE,15
1974,DE,29
1975,DE,27
1976,DE,45
1977,DE,53
1978,DE,39
1979,DE,25
1980,DE,26
1981,DE,36
1982,DE,25
1983,DE,21
1984,DE,25
1985,DE,15
1986,DE,4
1987,DE,16
1988,DE,6
1989,DE,18
1990,DE,23
1991,DE,17
1992,DE,23
1993,DE,9
1994,DE,18
1995,DE,17
1996,DE,21
1997,DE,23
1998,DE,19
1999,DE,39
2000,DE,31
2001,DE,34
2002,DE,30
2003,DE,37
2004,DE,25
2005,DE,24
2006,DE,21
2007,DE,28
2008,DE,13
2009,DE,10
2010,DE,13
2011,DE,14
2012,DE,17
2013,DE,12
2014,DE,17
2015,DE,20
1971,FL,45
1972,FL,99
1973,FL,137
1974,FL,192
1975,FL,326
1976,FL,360
1977,FL,324
1978,FL,316
1979,FL,297
1980,FL,219
1981,FL,243
1982,FL,165
1983,FL,129
1984,FL,139
1985,FL,98
1986,FL,120
1987,FL,154
1988,FL,176
1989,FL,230
1990,FL,374
1991,FL,413
1992,FL,416
1993,FL,470
1994,FL,397
1995,FL,527
1996,FL,358
1997,FL,422
1998,FL,462
1999,FL,732
2000,FL,724
2001,FL,784
2002,FL,569
2003,FL,672
2004,FL,516
2005,FL,618
2006,FL,765
2007,FL,773
2008,FL,636
2009,FL,599
2010,FL,570
2011,FL,641
2012,FL,702
2013,FL,674
2014,FL,722
2015,FL,662
2016,FL,81
1971,GA,100
1972,GA,169
1973,GA,238
1974,GA,406
1975,GA,398
1976,GA,410
1977,GA,402
1978,GA,325
1979,GA,327
1980,GA,308
1981,GA,359
1982,GA,261
1983,GA,186
1984,GA,200
1985,GA,191
1986,GA,212
1987,GA,196
1988,GA,227
1989,GA,237
1990,GA,219
1991,GA,241
1992,GA,263
1993,GA,298
1994,GA,599
1995,GA,444
1996,GA,413
1997,GA,360
1998,GA,416
1999,GA,599
2000,GA,478
2001,GA,465
2002,GA,410
2003,GA,448
2004,GA,406
2005,GA,437
2006,GA,539
2007,GA,568
2008,GA,473
2009,GA,422
2010,GA,432
2011,GA,464
2012,GA,534
2013,GA,583
2014,GA,614
2015,GA,620
2016,GA,67
2005,GU,7
2007,GU,2
2009,GU,1
2011,GU,1
2015,GU,1
1972,HI,2
1974,HI,2
1975,HI,5
1976,HI,1
1977,HI,1
1978,HI,7
1979,HI,6
1980,HI,5
1981,HI,2
1982,HI,3
1983,HI,5
1984,HI,4
1985,HI,4
1986,HI,3
1987,HI,5
1988,HI,3
1989,HI,2
1990,HI,9
1991,HI,3
1992,HI,5
1993,HI,10
1994,HI,9
1995,HI,6
1996,HI,9
1997,HI,8
1998,HI,16
1999,HI,15
2000,HI,10
2001,HI,10
2002,HI,6
2003,HI,9
2004,HI,7
2005,HI,13
2006,HI,11
2007,HI,15
2008,HI,20
2009,HI,17
2010,HI,17
2011,HI,10
2012,HI,12
2013,HI,9
2014,HI,11
2015,HI,10
2016,HI,1
1971,IA,19
1972,IA,34
1973,IA,79
1974,IA,103
1975,IA,168
1976,IA,234
1977,IA,175
1978,IA,119
1979,IA,90
1980,IA,109
1981,IA,129
1982,IA,111
1983,IA,159
1984,IA,177
1985,IA,131
1986,IA,154
1987,IA,176
1988,IA,190
1989,IA,137
1990,IA,159
1991,IA,119
1992,IA,98
1993,IA,157
1994,IA,124
1995,IA,151
1996,IA,159
1997,IA,132
1998,IA,106
1999,IA,147
2000,IA,137
2001,IA,182
2002,IA,141
2003,IA,110
2004,IA,130
2005,IA,177
2006,IA,198
2007,IA,191
2008,IA,139
2009,IA,142
2010,IA,128
2011,IA,137
2012,IA,168
2013,IA,166
2014,IA,163
2015,IA,162
2016,IA,17
1971,ID,23
1972,ID,28
1973,ID,23
1974,ID,29
1975,ID,53
1976,ID,35
1977,ID,30
1978,ID,29
1979,ID,36
1980,ID,29
1981,ID,18
1982,ID,17
1983,ID,35
1984,ID,14
1985,ID,23
1986,ID,7
1987,ID,28
1988,ID,16
1989,ID,23
1990,ID,25
1991,ID,23
1992,ID,38
1993,ID,26
1994,ID,42
1995,ID,64
1996,ID,50
1997,ID,30
1998,ID,27
1999,ID,31
2000,ID,35
2001,ID,31
2002,ID,37
2003,ID,43
2004,ID,31
2005,ID,36
2006,ID,73
2007,ID,78
2008,ID,70
2009,ID,46
2010,ID,51
2011,ID,62
2012,ID,32
2013,ID,33
2014,ID,37
2015,ID,33
2016,ID,3
1971,IL,94
1972,IL,246
1973,IL,311
1974,IL,419
1975,IL,568
1976,IL,751
1977,IL,572
1978,IL,587
1979,IL,560
1980,IL,468
1981,IL,522
1982,IL,447
1983,IL,407
1984,IL,368
1985,IL,382
1986,IL,319
1987,IL,460
1988,IL,429
1989,IL,742
1990,IL,735
1991,IL,648
1992,IL,547
1993,IL,744
1994,IL,977
1995,IL,863
1996,IL,1102
1997,IL,1393
1998,IL,1476
1999,IL,1197
2000,IL,988
2001,IL,1416
2002,IL,1328
2003,IL,1255
2004,IL,1117
2005,IL,1067
2006,IL,1484
2007,IL,1315
2008,IL,1154
2009,IL,1191
2010,IL,1214
2011,IL,1172
2012,IL,1170
2013,IL,1297
2014,IL,1348
2015,IL,1431
2016,IL,149
1971,IN,61
1972,IN,143
1973,IN,216
1974,IN,269
1975,IN,353
1976,IN,361
1977,IN,384
1978,IN,289
1979,IN,255
1980,IN,222
1981,IN,288
1982,IN,275
1983,IN,263
1984,IN,180
1985,IN,214
1986,IN,205
1987,IN,205
1988,IN,186
1989,IN,221
1990,IN,237
1991,IN,253
1992,IN,242
1993,IN,332
1994,IN,385
1995,IN,391
1996,IN,380
1997,IN,366
1998,IN,371
1999,IN,393
2000,IN,491
2001,IN,551
2002,IN,428
2003,IN,383
2004,IN,378
2005,IN,345
2006,IN,512
2007,IN,532
2008,IN,404
2009,IN,375
2010,IN,396
2011,IN,421
2012,IN,483
2013,IN,477
2014,IN,575
2015,IN,578
2016,IN,49
1971,KS,23
1972,KS,39
1973,KS,38
1974,KS,75
1975,KS,161
1976,KS,187
1977,KS,176
1978,KS,164
1979,KS,126
1980,KS,122
1981,KS,250
1982,KS,152
1983,KS,113
1984,KS,103
1985,KS,104
1986,KS,120
1987,KS,140
1988,KS,110
1989,KS,152
1990,KS,179
1991,KS,189
1992,KS,177
1993,KS,254
1994,KS,387
1995,KS,248
1996,KS,282
1997,KS,375
1998,KS,281
1999,KS,346
2000,KS,362
2001,KS,344
2002,KS,405
2003,KS,399
2004,KS,307
2005,KS,339
2006,KS,491
2007,KS,405
2008,KS,338
2009,KS,330
2010,KS,279
2011,KS,321
2012,KS,301
2013,KS,322
2014,KS,308
2015,KS,371
2016,KS,26
1971,KY,31
1972,KY,104
1973,KY,106
1974,KY,95
1975,KY,142
1976,KY,153
1977,KY,155
1978,KY,162
1979,KY,144
1980,KY,95
1981,KY,135
1982,KY,122
1983,KY,115
1984,KY,84
1985,KY,65
1986,KY,86
1987,KY,95
1988,KY,94
1989,KY,120
1990,KY,132
1991,KY,171
1992,KY,144
1993,KY,179
1994,KY,309
1995,KY,350
1996,KY,372
1997,KY,311
1998,KY,468
1999,KY,502
2000,KY,440
2001,KY,336
2002,KY,290
2003,KY,233
2004,KY,302
2005,KY,512
2006,KY,434
2007,KY,385
2008,KY,377
2009,KY,459
2010,KY,465
2011,KY,419
2012,KY,377
2013,KY,410
2014,KY,467
2015,KY,416
2016,KY,49
1971,LA,71
1972,LA,111
1973,LA,121
1974,LA,188
1975,LA,232
1976,LA,256
1977,LA,156
1978,LA,139
1979,LA,187
1980,LA,197
1981,LA,268
1982,LA,173
1983,LA,167
1984,LA,134
1985,LA,131
1986,LA,116
1987,LA,138
1988,LA,154
1989,LA,153
1990,LA,197
1991,LA,228
1992,LA,225
1993,LA,235
1994,LA,283
1995,LA,217
1996,LA,208
1997,LA,202
1998,LA,306
1999,LA,330
2000,LA,355
2001,LA,296
2002,LA,244
2003,LA,259
2004,LA,308
2005,LA,266
2006,LA,251
2007,LA,335
2008,LA,247
2009,LA,222
2010,LA,268
2011,LA,304
2012,LA,258
2013,LA,307
2014,LA,329
2015,LA,235
2016,LA,29
1971,MA,28
1972,MA,72
1973,MA,113
1974,MA,160
1975,MA,196
1976,MA,172
1977,MA,120
1978,MA,133
1979,MA,116
1980,MA,134
1981,MA,113
1982,MA,73
1983,MA,72
1984,MA,61
1985,MA,75
1986,MA,83
1987,MA,89
1988,MA,109
1989,MA,114
1990,MA,120
1991,MA,103
1992,MA,160
1993,MA,401
1994,MA,513
1995,MA,352
1996,MA,324
1997,MA,324
1998,MA,350
1999,MA,347
2000,MA,348
2001,MA,301
2002,MA,276
2003,MA,254
2004,MA,200
2005,MA,227
2006,MA,305
2007,MA,267
2008,MA,316
2009,MA,299
2010,MA,256
2011,MA,244
2012,MA,254
2013,MA,233
2014,MA,233
2015,MA,214
2016,MA,31
1971,MD,23
1972,MD,69
1973,MD,77
1974,MD,92
1975,MD,138
1976,MD,176
1977,MD,189
1978,MD,130
1979,MD,95
1980,MD,122
1981,MD,205
1982,MD,167
1983,MD,162
1984,MD,100
1985,MD,133
1986,MD,123
1987,MD,139
1988,MD,123
1989,MD,83
1990,MD,141
1991,MD,186
1992,MD,154
1993,MD,157
1994,MD,237
1995,MD,230
1996,MD,214
1997,MD,211
1998,MD,219
1999,MD,249
2000,MD,331
2001,MD,359
2002,MD,299
2003,MD,259
2004,MD,317
2005,MD,302
2006,MD,345
2007,MD,345
2008,MD,327
2009,MD,344
2010,MD,295
2011,MD,309
2012,MD,235
2013,MD,226
2014,MD,262
2015,MD,254
2016,MD,28
1972,ME,10
1973,ME,8
1974,ME,12
1975,ME,12
1976,ME,18
1977,ME,18
1978,ME,19
1979,ME,15
1980,ME,20
1981,ME,11
1982,ME,12
1983,ME,15
1984,ME,10
1985,ME,14
1986,ME,22
1987,ME,19
1988,ME,28
1989,ME,27
1990,ME,30
1991,ME,58
1992,ME,79
1993,ME,36
1994,ME,41
1995,ME,43
1996,ME,40
1997,ME,31
1998,ME,25
1999,ME,20
2000,ME,24
2001,ME,37
2002,ME,30
2003,ME,40
2004,ME,35
2005,ME,29
2006,ME,47
2007,ME,50
2008,ME,52
2009,ME,39
2010,ME,38
2011,ME,34
2012,ME,26
2013,ME,27
2014,ME,25
2015,ME,34
2016,ME,3
1971,MI,52
1972,MI,109
1973,MI,159
1974,MI,240
1975,MI,406
1976,MI,494
1977,MI,446
1978,MI,447
1979,MI,383
1980,MI,314
1981,MI,282
1982,MI,187
1983,MI,139
1984,MI,124
1985,MI,203
1986,MI,186
1987,MI,193
1988,MI,176
1989,MI,224
1990,MI,336
1991,MI,251
1992,MI,266
1993,MI,309
1994,MI,414
1995,MI,337
1996,MI,260
1997,MI,233
1998,MI,322
1999,MI,417
2000,MI,442
2001,MI,342
2002,MI,292
2003,MI,316
2004,MI,256
2005,MI,308
2006,MI,359
2007,MI,374
2008,MI,315
2009,MI,317
2010,MI,299
2011,MI,321
2012,MI,315
2013,MI,315
2014,MI,414
2015,MI,382
2016,MI,46
1971,MN,59
1972,MN,84
1973,MN,102
1974,MN,169
1975,MN,148
1976,MN,208
1977,MN,162
1978,MN,185
1979,MN,139
1980,MN,134
1981,MN,166
1982,MN,126
1983,MN,115
1984,MN,164
1985,MN,133
1986,MN,107
1987,MN,84
1988,MN,129
1989,MN,177
1990,MN,177
1991,MN,202
1992,MN,168
1993,MN,301
1994,MN,399
1995,MN,337
1996,MN,261
1997,MN,230
1998,MN,262
1999,MN,308
2000,MN,311
2001,MN,295
2002,MN,245
2003,MN,257
2004,MN,272
2005,MN,261
2006,MN,402
2007,MN,357
2008,MN,293
2009,MN,230
2010,MN,271
2011,MN,228
2012,MN,253
2013,MN,252
2014,MN,254
2015,MN,254
2016,MN,28
1971,MO,70
1972,MO,100
1973,MO,156
1974,MO,300
1975,MO,381
1976,MO,389
1977,MO,354
1978,MO,279
1979,MO,282
1980,MO,343
1981,MO,417
1982,MO,283
1983,MO,220
1984,MO,236
1985,MO,209
1986,MO,179
1987,MO,180
1988,MO,195
1989,MO,149
1990,MO,204
1991,MO,236
1992,MO,253
1993,MO,401
1994,MO,629
1995,MO,367
1996,MO,375
1997,MO,417
1998,MO,381
1999,MO,422
2000,MO,398
2001,MO,373
2002,MO,351
2003,MO,331
2004,MO,295
2005,MO,402
2006,MO,406
2007,MO,400
2008,MO,306
2009,MO,275
2010,MO,265
2011,MO,292
2012,MO,354
2013,MO,354
2014,MO,394
2015,MO,319
2016,MO,31
1971,MS,29
1972,MS,45
1973,MS,63
1974,MS,57
1975,MS,90
1976,MS,76
1977,MS,115
1978,MS,117
1979,MS,120
1980,MS,104
1981,MS,115
1982,MS,78
1983,MS,90
1984,MS,88
1985,MS,71
1986,MS,60
1987,MS,64
1988,MS,79
1989,MS,93
1990,MS,96
1991,MS,85
1992,MS,92
1993,MS,114
1994,MS,167
1995,MS,148
1996,MS,145
1997,MS,137
1998,MS,187
1999,MS,218
2000,MS,206
2001,MS,161
2002,MS,166
2003,MS,141
2004,MS,127
2005,MS,120
2006,MS,141
2007,MS,152
2008,MS,149
2009,MS,109
2010,MS,119
2011,MS,113
2012,MS,99
2013,MS,102
2014,MS,157
2015,MS,129
2016,MS,12
1971,MT,32
1972,MT,43
1973,MT,29
1974,MT,60
1975,MT,97
1976,MT,84
1977,MT,44
1978,MT,38
1979,MT,37
1980,MT,34
1981,MT,33
1982,MT,13
1983,MT,17
1984,MT,31
1985,MT,13
1986,MT,13
1987,MT,16
1988,MT,15
1989,MT,24
1990,MT,20
1991,MT,18
1992,MT,30
1993,MT,18
1994,MT,29
1995,MT,18
1996,MT,41
1997,MT,32
1998,MT,35
1999,MT,67
2000,MT,36
2001,MT,25
2002,MT,39
2003,MT,45
2004,MT,43
2005,MT,37
2006,MT,70
2007,MT,71
2008,MT,61
2009,MT,54
2010,MT,55
2011,MT,72
2012,MT,56
2013,MT,51
2014,MT,77
2015,MT,84
2016,MT,6
1971,NC,128
1972,NC,243
1973,NC,208
1974,NC,384
1975,NC,443
1976,NC,441
1977,NC,415
1978,NC,320
1979,NC,265
1980,NC,280
1981,NC,438
1982,NC,268
1983,NC,213
1984,NC,224
1985,NC,218
1986,NC,247
1987,NC,191
1988,NC,211
1989,NC,296
1990,NC,405
1991,NC,414
1992,NC,368
1993,NC,385
1994,NC,465
1995,NC,646
1996,NC,458
1997,NC,412
1998,NC,552
1999,NC,909
2000,NC,726
2001,NC,736
2002,NC,650
2003,NC,442
2004,NC,534
2005,NC,448
2006,NC,507
2007,NC,496
2008,NC,472
2009,NC,421
2010,NC,456
2011,NC,389
2012,NC,393
2013,NC,370
2014,NC,389
2015,NC,374
2016,NC,35
1971,ND,1
1972,ND,10
1973,ND,17
1974,ND,27
1975,ND,22
1976,ND,19
1977,ND,15
1978,ND,6
1979,ND,9
1980,ND,9
1981,ND,16
1982,ND,22
1983,ND,13
1984,ND,10
1985,ND,12
1986,ND,8
1987,ND,7
1988,ND,7
1989,ND,10
1990,ND,10
1991,ND,6
1992,ND,12
1993,ND,36
1994,ND,28
1995,ND,24
1996,ND,19
1997,ND,35
1998,ND,33
1999,ND,24
2000,ND,22
2001,ND,30
2002,ND,34
2003,ND,24
2004,ND,24
2005,ND,21
2006,ND,32
2007,ND,39
2008,ND,46
2009,ND,18
2010,ND,42
2011,ND,24
2012,ND,62
2013,ND,71
2014,ND,72
2015,ND,59
2016,ND,1
1971,NE,20
1972,NE,18
1973,NE,36
1974,NE,65
1975,NE,73
1976,NE,98
1977,NE,118
1978,NE,82
1979,NE,82
1980,NE,71
1981,NE,129
1982,NE,68
1983,NE,60
1984,NE,38
1985,NE,54
1986,NE,36
1987,NE,32
1988,NE,28
1989,NE,39
1990,NE,47
1991,NE,51
1992,NE,64
1993,NE,78
1994,NE,94
1995,NE,120
1996,NE,84
1997,NE,87
1998,NE,73
1999,NE,120
2000,NE,98
2001,NE,98
2002,NE,85
2003,NE,68
2004,NE,60
2005,NE,67
2006,NE,74
2007,NE,81
2008,NE,81
2009,NE,57
2010,NE,55
2011,NE,49
2012,NE,60
2013,NE,59
2014,NE,63
2015,NE,60
2016,NE,5
1971,NH,1
1972,NH,4
1973,NH,7
1974,NH,13
1975,NH,17
1976,NH,12
1977,NH,6
1978,NH,7
1979,NH,3
1980,NH,8
1981,NH,13
1982,NH,12
1983,NH,11
1984,NH,7
1985,NH,7
1986,NH,9
1987,NH,9
1988,NH,7
1989,NH,15
1990,NH,14
1991,NH,16
1992,NH,19
1993,NH,33
1994,NH,48
1995,NH,42
1996,NH,31
1997,NH,28
1998,NH,44
1999,NH,35
2000,NH,29
2001,NH,24
2002,NH,15
2003,NH,19
2004,NH,23
2005,NH,28
2006,NH,27
2007,NH,42
2008,NH,22
2009,NH,30
2010,NH,33
2011,NH,31
2012,NH,35
2013,NH,41
2014,NH,41
2015,NH,37
2016,NH,9
1971,NJ,61
1972,NJ,119
1973,NJ,207
1974,NJ,287
1975,NJ,327
1976,NJ,345
1977,NJ,278
1978,NJ,222
1979,NJ,233
1980,NJ,201
1981,NJ,214
1982,NJ,178
1983,NJ,154
1984,NJ,155
1985,NJ,153
1986,NJ,168
1987,NJ,175
1988,NJ,196
1989,NJ,210
1990,NJ,184
1991,NJ,226
1992,NJ,230
1993,NJ,289
1994,NJ,424
1995,NJ,299
1996,NJ,329
1997,NJ,362
1998,NJ,335
1999,NJ,434
2000,NJ,480
2001,NJ,402
2002,NJ,440
2003,NJ,510
2004,NJ,390
2005,NJ,440
2006,NJ,480
2007,NJ,394
2008,NJ,395
2009,NJ,334
2010,NJ,343
2011,NJ,359
2012,NJ,377
2013,NJ,429
2014,NJ,376
2015,NJ,437
2016,NJ,36
1971,NM,25
1972,NM,48
1973,NM,62
1974,NM,107
1975,NM,115
1976,NM,101
1977,NM,114
1978,NM,123
1979,NM,96
1980,NM,82
1981,NM,110
1982,NM,89
1983,NM,91
1984,NM,71
1985,NM,73
1986,NM,71
1987,NM,55
1988,NM,58
1989,NM,69
1990,NM,65
1991,NM,57
1992,NM,53
1993,NM,80
1994,NM,213
1995,NM,146
1996,NM,137
1997,NM,182
1998,NM,118
1999,NM,110
2000,NM,95
2001,NM,73
2002,NM,62
2003,NM,62
2004,NM,69
2005,NM,79
2006,NM,75
2007,NM,86
2008,NM,66
2009,NM,60
2010,NM,60
2011,NM,67
2012,NM,54
2013,NM,86
2014,NM,78
2015,NM,87
2016,NM,11
1971,NV,5
1972,NV,19
1973,NV,28
1974,NV,19
1975,NV,24
1976,NV,23
1977,NV,24
1978,NV,19
1979,NV,18
1980,NV,24
1981,NV,13
1982,NV,12
1983,NV,9
1984,NV,12
1985,NV,15
1986,NV,20
1987,NV,28
1988,NV,37
1989,NV,56
1990,NV,37
1991,NV,36
1992,NV,42
1993,NV,50
1994,NV,46
1995,NV,49
1996,NV,40
1997,NV,54
1998,NV,46
1999,NV,64
2000,NV,61
2001,NV,102
2002,NV,59
2003,NV,78
2004,NV,66
2005,NV,102
2006,NV,186
2007,NV,160
2008,NV,144
2009,NV,88
2010,NV,103
2011,NV,115
2012,NV,121
2013,NV,117
2014,NV,124
2015,NV,131
2016,NV,12
1971,NY,63
1972,NY,151
1973,NY,307
1974,NY,407
1975,NY,451
1976,NY,530
1977,NY,433
1978,NY,385
1979,NY,445
1980,NY,402
1981,NY,446
1982,NY,339
1983,NY,278
1984,NY,257
1985,NY,264
1986,NY,250
1987,NY,234
1988,NY,221
1989,NY,254
1990,NY,354
1991,NY,330
1992,NY,305
1993,NY,518
1994,NY,759
1995,NY,781
1996,NY,761
1997,NY,558
1998,NY,692
1999,NY,637
2000,NY,642
2001,NY,647
2002,NY,446
2003,NY,400
2004,NY,470
2005,NY,466
2006,NY,564
2007,NY,565
2008,NY,564
2009,NY,474
2010,NY,521
2011,NY,475
2012,NY,408
2013,NY,519
2014,NY,514
2015,NY,425
2016,NY,91
1971,OH,126
1972,OH,341
1973,OH,408
1974,OH,564
1975,OH,876
1976,OH,930
1977,OH,779
1978,OH,726
1979,OH,631
1980,OH,619
1981,OH,626
1982,OH,425
1983,OH,364
1984,OH,357
1985,OH,460
1986,OH,405
1987,OH,443
1988,OH,482
1989,OH,591
1990,OH,630
1991,OH,662
1992,OH,682
1993,OH,1080
1994,OH,1304
1995,OH,1462
1996,OH,1247
1997,OH,1104
1998,OH,1297
1999,OH,1573
2000,OH,1573
2001,OH,1528
2002,OH,1231
2003,OH,1239
2004,OH,1350
2005,OH,1778
2006,OH,2937
2007,OH,1842
2008,OH,1384
2009,OH,904
2010,OH,878
2011,OH,872
2012,OH,978
2013,OH,996
2014,OH,1025
2015,OH,1091
2016,OH,126
1971,OK,31
1972,OK,50
1973,OK,66
1974,OK,90
1975,OK,91
1976,OK,82
1977,OK,107
1978,OK,74
1979,OK,74
1980,OK,65
1981,OK,141
1982,OK,93
1983,OK,57
1984,OK,54
1985,OK,50
1986,OK,48
1987,OK,46
1988,OK,53
1989,OK,63
1990,OK,71
1991,OK,88
1992,OK,81
1993,OK,83
1994,OK,150
1995,OK,139
1996,OK,115
1997,OK,134
1998,OK,132
1999,OK,192
2000,OK,238
2001,OK,259
2002,OK,137
2003,OK,186
2004,OK,196
2005,OK,205
2006,OK,217
2007,OK,264
2008,OK,230
2009,OK,171
2010,OK,151
2011,OK,184
2012,OK,146
2013,OK,184
2014,OK,257
2015,OK,198
2016,OK,21
1971,OR,46
1972,OR,40
1973,OR,53
1974,OR,46
1975,OR,40
1976,OR,73
1977,OR,76
1978,OR,99
1979,OR,65
1980,OR,59
1981,OR,56
1982,OR,58
1983,OR,49
1984,OR,67
1985,OR,86
1986,OR,60
1987,OR,71
1988,OR,78
1989,OR,52
1990,OR,96
1991,OR,94
1992,OR,122
1993,OR,160
1994,OR,239
1995,OR,262
1996,OR,263
1997,OR,204
1998,OR,213
1999,OR,287
2000,OR,307
2001,OR,245
2002,OR,215
2003,OR,231
2004,OR,231
2005,OR,226
2006,OR,333
2007,OR,383
2008,OR,312
2009,OR,272
2010,OR,266
2011,OR,252
2012,OR,302
2013,OR,304
2014,OR,316
2015,OR,314
2016,OR,26
1971,PA,150
1972,PA,370
1973,PA,571
1974,PA,876
1975,PA,1224
1976,PA,1228
1977,PA,1107
1978,PA,855
1979,PA,848
1980,PA,718
1981,PA,816
1982,PA,502
1983,PA,433
1984,PA,409
1985,PA,482
1986,PA,359
1987,PA,549
1988,PA,457
1989,PA,647
1990,PA,773
1991,PA,671
1992,PA,793
1993,PA,1055
1994,PA,1080
1995,PA,933
1996,PA,837
1997,PA,875
1998,PA,915
1999,PA,957
2000,PA,1124
2001,PA,1056
2002,PA,956
2003,PA,984
2004,PA,975
2005,PA,876
2006,PA,1038
2007,PA,1094
2008,PA,934
2009,PA,793
2010,PA,755
2011,PA,760
2012,PA,808
2013,PA,830
2014,PA,910
2015,PA,822
2016,PA,71
2005,PR,13
2006,PR,17
2007,PR,10
2008,PR,20
2009,PR,16
2010,PR,22
2011,PR,10
2012,PR,12
2013,PR,9
2014,PR,13
2015,PR,9
1971,RI,3
1972,RI,9
1973,RI,20
1974,RI,21
1975,RI,37
1976,RI,25
1977,RI,17
1978,RI,14
1979,RI,19
1980,RI,11
1981,RI,24
1982,RI,5
1983,RI,7
1984,RI,5
1985,RI,8
1986,RI,6
1987,RI,10
1988,RI,8
1989,RI,9
1990,RI,6
1991,RI,8
1992,RI,5
1993,RI,29
1994,RI,29
1995,RI,11
1996,RI,7
1997,RI,12
1998,RI,17
1999,RI,8
2000,RI,17
2001,RI,20
2002,RI,32
2003,RI,34
2004,RI,25
2005,RI,27
2006,RI,59
2007,RI,67
2008,RI,65
2009,RI,38
2010,RI,38
2011,RI,40
2012,RI,34
2013,RI,29
2014,RI,48
2015,RI,32
2016,RI,3
1971,SC,18
1972,SC,62
1973,SC,82
1974,SC,99
1975,SC,92
1976,SC,185
1977,SC,215
1978,SC,208
1979,SC,210
1980,SC,137
1981,SC,207
1982,SC,126
1983,SC,93
1984,SC,61
1985,SC,71
1986,SC,75
1987,SC,64
1988,SC,60
1989,SC,82
1990,SC,88
1991,SC,92
1992,SC,131
1993,SC,136
1994,SC,162
1995,SC,169
1996,SC,115
1997,SC,104
1998,SC,165
1999,SC,161
2000,SC,162
2001,SC,167
2002,SC,167
2003,SC,187
2004,SC,158
2005,SC,190
2006,SC,197
2007,SC,247
2008,SC,170
2009,SC,143
2010,SC,176
2011,SC,160
2012,SC,152
2013,SC,121
2014,SC,201
2015,SC,143
2016,SC,13
1971,SD,6
1972,SD,3
1973,SD,51
1974,SD,37
1975,SD,33
1976,SD,33
1977,SD,26
1978,SD,14
1979,SD,7
1980,SD,10
1981,SD,9
1982,SD,9
1983,SD,7
1984,SD,4
1985,SD,11
1986,SD,2
1987,SD,5
1988,SD,11
1989,SD,7
1990,SD,6
1991,SD,10
1992,SD,10
1993,SD,34
1994,SD,22
1995,SD,20
1996,SD,19
1997,SD,32
1998,SD,22
1999,SD,16
2000,SD,25
2001,SD,17
2002,SD,12
2003,SD,17
2004,SD,16
2005,SD,15
2006,SD,28
2007,SD,31
2008,SD,27
2009,SD,19
2010,SD,25
2011,SD,25
2012,SD,34
2013,SD,15
2014,SD,19
2015,SD,26
2016,SD,2
1971,TN,69
1972,TN,152
1973,TN,234
1974,TN,322
1975,TN,413
1976,TN,454
1977,TN,399
1978,TN,413
1979,TN,466
1980,TN,442
1981,TN,490
1982,TN,219
1983,TN,215
1984,TN,221
1985,TN,182
1986,TN,210
1987,TN,225
1988,TN,229
1989,TN,250
1990,TN,329
1991,TN,353
1992,TN,410
1993,TN,741
1994,TN,799
1995,TN,591
1996,TN,612
1997,TN,536
1998,TN,763
1999,TN,1003
2000,TN,1020
2001,TN,1139
2002,TN,874
2003,TN,812
2004,TN,822
2005,TN,836
2006,TN,898
2007,TN,881
2008,TN,842
2009,TN,709
2010,TN,751
2011,TN,698
2012,TN,770
2013,TN,759
2014,TN,842
2015,TN,888
2016,TN,62
1971,TX,151
1972,TX,242
1973,TX,339
1974,TX,478
1975,TX,581
1976,TX,476
1977,TX,473
1978,TX,500
1979,TX,498
1980,TX,468
1981,TX,546
1982,TX,496
1983,TX,419
1984,TX,381
1985,TX,515
1986,TX,428
1987,TX,440
1988,TX,487
1989,TX,507
1990,TX,537
1991,TX,625
1992,TX,637
1993,TX,933
1994,TX,957
1995,TX,1087
1996,TX,1020
1997,TX,1019
1998,TX,1204
1999,TX,1401
2000,TX,1465
2001,TX,1261
2002,TX,1217
2003,TX,1244
2004,TX,1276
2005,TX,1453
2006,TX,1554
2007,TX,1576
2008,TX,1477
2009,TX,1173
2010,TX,1209
2011,TX,1501
2012,TX,1424
2013,TX,1506
2014,TX,1821
2015,TX,1558
2016,TX,169
1971,UT,32
1972,UT,66
1973,UT,77
1974,UT,47
1975,UT,90
1976,UT,68
1977,UT,76
1978,UT,65
1979,UT,72
1980,UT,61
1981,UT,51
1982,UT,47
1983,UT,49
1984,UT,45
1985,UT,43
1986,UT,59
1987,UT,65
1988,UT,47
1989,UT,81
1990,UT,102
1991,UT,75
1992,UT,94
1993,UT,131
1994,UT,174
1995,UT,350
1996,UT,268
1997,UT,260
1998,UT,236
1999,UT,297
2000,UT,249
2001,UT,301
2002,UT,181
2003,UT,214
2004,UT,187
2005,UT,218
2006,UT,327
2007,UT,344
2008,UT,275
2009,UT,214
2010,UT,275
2011,UT,236
2012,UT,282
2013,UT,293
2014,UT,261
2015,UT,277
2016,UT,37
1971,VA,41
1972,VA,85
1973,VA,151
1974,VA,238
1975,VA,274
1976,VA,384
1977,VA,329
1978,VA,242
1979,VA,201
1980,VA,180
1981,VA,191
1982,VA,134
1983,VA,125
1984,VA,116
1985,VA,107
1986,VA,86
1987,VA,100
1988,VA,122
1989,VA,106
1990,VA,121
1991,VA,166
1992,VA,153
1993,VA,138
1994,VA,208
1995,VA,156
1996,VA,191
1997,VA,185
1998,VA,214
1999,VA,161
2000,VA,148
2001,VA,195
2002,VA,168
2003,VA,206
2004,VA,133
2005,VA,197
2006,VA,207
2007,VA,229
2008,VA,230
2009,VA,228
2010,VA,220
2011,VA,208
2012,VA,226
2013,VA,204
2014,VA,232
2015,VA,200
2016,VA,18
2007,VI,1
2009,VI,1
2011,VI,1
2012,VI,2
2013,VI,1
2015,VI,1
1971,VT,2
1972,VT,4
1973,VT,5
1974,VT,8
1975,VT,6
1976,VT,10
1977,VT,2
1978,VT,4
1979,VT,3
1980,VT,9
1981,VT,8
1982,VT,11
1983,VT,5
1984,VT,4
1985,VT,13
1986,VT,14
1987,VT,9
1988,VT,14
1989,VT,14
1990,VT,9
1991,VT,18
1992,VT,20
1993,VT,12
1994,VT,16
1995,VT,16
1996,VT,22
1997,VT,22
1998,VT,20
1999,VT,12
2000,VT,20
2001,VT,14
2002,VT,13
2003,VT,20
2004,VT,20
2005,VT,18
2006,VT,19
2007,VT,19
2008,VT,21
2009,VT,13
2010,VT,13
2011,VT,11
2012,VT,17
2013,VT,16
2014,VT,7
2015,VT,10
2016,VT,2
1971,WA,60
1972,WA,36
1973,WA,44
1974,WA,50
1975,WA,76
1976,WA,110
1977,WA,87
1978,WA,96
1979,WA,156
1980,WA,144
1981,WA,159
1982,WA,112
1983,WA,110
1984,WA,134
1985,WA,123
1986,WA,122
1987,WA,107
1988,WA,92
1989,WA,124
1990,WA,71
1991,WA,119
1992,WA,134
1993,WA,131
1994,WA,223
1995,WA,159
1996,WA,198
1997,WA,255
1998,WA,198
1999,WA,143
2000,WA,184
2001,WA,193
2002,WA,177
2003,WA,158
2004,WA,165
2005,WA,262
2006,WA,368
2007,WA,377
2008,WA,329
2009,WA,246
2010,WA,231
2011,WA,206
2012,WA,216
2013,WA,195
2014,WA,222
2015,WA,241
2016,WA,27
1971,WI,56
1972,WI,119
1973,WI,156
1974,WI,233
1975,WI,314
1976,WI,321
1977,WI,296
1978,WI,250
1979,WI,210
1980,WI,236
1981,WI,334
1982,WI,217
1983,WI,160
1984,WI,85
1985,WI,86
1986,WI,137
1987,WI,134
1988,WI,173
1989,WI,234
1990,WI,169
1991,WI,140
1992,WI,131
1993,WI,157
1994,WI,219
1995,WI,132
1996,WI,144
1997,WI,140
1998,WI,194
1999,WI,249
2000,WI,254
2001,WI,297
2002,WI,242
2003,WI,219
2004,WI,264
2005,WI,211
2006,WI,350
2007,WI,345
2008,WI,293
2009,WI,276
2010,WI,278
2011,WI,251
2012,WI,289
2013,WI,296
2014,WI,327
2015,WI,286
2016,WI,34
1971,WV,11
1972,WV,46
1973,WV,61
1974,WV,69
1975,WV,95
1976,WV,73
1977,WV,108
1978,WV,70
1979,WV,78
1980,WV,67
1981,WV,74
1982,WV,45
1983,WV,52
1984,WV,45
1985,WV,32
1986,WV,45
1987,WV,41
1988,WV,40
1989,WV,43
1990,WV,48
1991,WV,54
1992,WV,51
1993,WV,35
1994,WV,75
1995,WV,71
1996,WV,48
1997,WV,57
1998,WV,54
1999,WV,62
2000,WV,78
2001,WV,82
2002,WV,67
2003,WV,56
2004,WV,70
2005,WV,44
2006,WV,63
2007,WV,77
2008,WV,45
2009,WV,44
2010,WV,53
2011,WV,59
2012,WV,54
2013,WV,68
2014,WV,58
2015,WV,78
2016,WV,6
1971,WY,7
1972,WY,7
1973,WY,40
1974,WY,75
1975,WY,115
1976,WY,80
1977,WY,57
1978,WY,51
1979,WY,51
1980,WY,32
1981,WY,30
1982,WY,30
1983,WY,33
1984,WY,19
1985,WY,17
1986,WY,23
1987,WY,27
1988,WY,21
1989,WY,38
1990,WY,39
1991,WY,52
1992,WY,46
1993,WY,53
1994,WY,67
1995,WY,79
1996,WY,79
1997,WY,54
1998,WY,57
1999,WY,51
2000,WY,35
2001,WY,35
2002,WY,33
2003,WY,23
2004,WY,27
2005,WY,20
2006,WY,29
2007,WY,30
2008,WY,23
2009,WY,19
2010,WY,23
2011,WY,17
2012,WY,27
2013,WY,29
2014,WY,40
2015,WY,38
2016,WY,2
2007,XX,2
2010,XX,1
2014,XX,2
2004,ZZ,1
