"num_producing_acres","employees_mining_logging_1000","prediction"
0,0,24.8216299311799
2000,0,24.8216299311799
4000,0,24.8216299311799
6000,0,24.8216299311799
8000,0,24.8216299311799
10000,0,24.8216299311799
12000,0,24.8216299311799
14000,0,24.8216299311799
16000,0,24.8216299311799
18000,0,24.8216299311799
20000,0,24.6484299311799
22000,0,24.5911077089577
24000,0,24.5911077089577
26000,0,24.5911077089577
28000,0,24.5911077089577
30000,0,24.5911077089577
32000,0,24.5911077089577
34000,0,24.6041077089577
36000,0,24.6171077089577
38000,0,24.6171077089577
40000,0,24.6171077089577
42000,0,24.6171077089577
44000,0,24.6171077089577
46000,0,24.6171077089577
48000,0,24.6121743756244
50000,0,24.5735077089577
52000,0,24.5735077089577
54000,0,24.5735077089577
56000,0,24.5735077089577
58000,0,24.5735077089577
60000,0,24.5735077089577
62000,0,24.5735077089577
64000,0,24.5735077089577
66000,0,24.5735077089577
68000,0,24.5735077089577
70000,0,24.5735077089577
72000,0,24.5735077089577
74000,0,24.5735077089577
76000,0,24.5735077089577
78000,0,24.5735077089577
80000,0,24.5735077089577
82000,0,24.5735077089577
84000,0,24.5735077089577
86000,0,24.5735077089577
88000,0,24.5735077089577
90000,0,24.5735077089577
0,1,32.1579095238095
2000,1,32.1579095238095
4000,1,32.1579095238095
6000,1,34.0729761904762
8000,1,34.0366761904762
10000,1,34.0614761904762
12000,1,34.0614761904762
14000,1,34.0614761904762
16000,1,34.0614761904762
18000,1,34.0614761904762
20000,1,33.9363095238095
22000,1,30.5874761904762
24000,1,30.2489428571429
26000,1,30.1425428571429
28000,1,30.1425428571429
30000,1,30.0185428571429
32000,1,30.0185428571429
34000,1,30.0415428571429
36000,1,30.0698761904762
38000,1,30.0210761904762
40000,1,30.0115761904762
42000,1,30.0337095238095
44000,1,30.0737095238095
46000,1,30.1711095238095
48000,1,30.1981761904762
50000,1,30.0689095238095
52000,1,30.0689095238095
54000,1,30.0689095238095
56000,1,30.0689095238095
58000,1,30.0689095238095
60000,1,30.0689095238095
62000,1,30.0689095238095
64000,1,30.0689095238095
66000,1,30.0689095238095
68000,1,30.0689095238095
70000,1,30.0689095238095
72000,1,30.0689095238095
74000,1,30.0689095238095
76000,1,30.0689095238095
78000,1,30.0689095238095
80000,1,30.0689095238095
82000,1,30.0689095238095
84000,1,30.0689095238095
86000,1,30.0689095238095
88000,1,30.0689095238095
90000,1,30.0689095238095
0,2,82.8684333333333
2000,2,82.8684333333333
4000,2,82.3342666666667
6000,2,82.4012
8000,2,82.5292
10000,2,82.5292
12000,2,82.5292
14000,2,82.5292
16000,2,82.5292
18000,2,82.5292
20000,2,82.3681333333333
22000,2,83.4554666666666
24000,2,84.1794666666666
26000,2,84.1794666666666
28000,2,83.0634666666666
30000,2,83.0634666666666
32000,2,83.0634666666666
34000,2,83.0764666666666
36000,2,83.0824666666666
38000,2,83.2572666666666
40000,2,83.2612666666666
42000,2,83.2612666666666
44000,2,82.6827666666666
46000,2,82.6827666666666
48000,2,82.6778333333333
50000,2,82.6778333333333
52000,2,82.6778333333333
54000,2,82.6778333333333
56000,2,82.6778333333333
58000,2,82.6778333333333
60000,2,82.6778333333333
62000,2,82.6778333333333
64000,2,82.6778333333333
66000,2,82.6778333333333
68000,2,82.6778333333333
70000,2,82.6778333333333
72000,2,82.6778333333333
74000,2,82.6778333333333
76000,2,82.6778333333333
78000,2,82.6778333333333
80000,2,82.6778333333333
82000,2,82.6778333333333
84000,2,82.6778333333333
86000,2,82.6778333333333
88000,2,82.6778333333333
90000,2,82.6778333333333
0,3,80.9020666666667
2000,3,80.9020666666667
4000,3,81.2720666666666
6000,3,81.2206
8000,3,81.3486
10000,3,81.3486
12000,3,81.3486
14000,3,81.3486
16000,3,81.3486
18000,3,81.3486
20000,3,81.1875333333333
22000,3,82.2748666666666
24000,3,82.8748666666666
26000,3,82.8748666666666
28000,3,81.7588666666666
30000,3,81.7588666666666
32000,3,81.7588666666666
34000,3,81.7718666666666
36000,3,81.7778666666666
38000,3,81.8406666666666
40000,3,81.8446666666666
42000,3,81.8446666666666
44000,3,81.2661666666666
46000,3,81.2661666666666
48000,3,81.2612333333333
50000,3,81.2612333333333
52000,3,81.2612333333333
54000,3,81.2612333333333
56000,3,81.2612333333333
58000,3,81.2612333333333
60000,3,81.2612333333333
62000,3,81.2612333333333
64000,3,81.2612333333333
66000,3,81.2612333333333
68000,3,81.2612333333333
70000,3,81.2612333333333
72000,3,81.2612333333333
74000,3,81.2612333333333
76000,3,81.2612333333333
78000,3,81.2612333333333
80000,3,81.2612333333333
82000,3,81.2612333333333
84000,3,81.2612333333333
86000,3,81.2612333333333
88000,3,81.2612333333333
90000,3,81.2612333333333
0,4,94.4338333333333
2000,4,94.4338333333333
4000,4,94.4388333333333
6000,4,94.4055333333333
8000,4,94.4815333333333
10000,4,94.4815333333333
12000,4,94.4815333333333
14000,4,94.4815333333333
16000,4,94.4815333333333
18000,4,94.4815333333333
20000,4,94.3204666666667
22000,4,95.0913
24000,4,95.2625
26000,4,95.2625
28000,4,94.1465
30000,4,94.1465
32000,4,94.1465
34000,4,94.1595
36000,4,94.1655
38000,4,94.1655
40000,4,94.1695
42000,4,94.1695
44000,4,93.591
46000,4,93.591
48000,4,93.5860666666666
50000,4,93.5860666666666
52000,4,93.5860666666666
54000,4,93.5860666666666
56000,4,93.5860666666666
58000,4,93.5860666666666
60000,4,93.5860666666666
62000,4,93.5860666666666
64000,4,93.5860666666666
66000,4,93.5860666666666
68000,4,93.5860666666666
70000,4,93.5860666666666
72000,4,93.5860666666666
74000,4,93.5860666666666
76000,4,93.5860666666666
78000,4,93.5860666666666
80000,4,93.5860666666666
82000,4,93.5860666666666
84000,4,93.5860666666666
86000,4,93.5860666666666
88000,4,93.5860666666666
90000,4,93.5860666666666
0,5,1031.62053333333
2000,5,1031.62053333333
4000,5,1031.62553333333
6000,5,1031.73503333333
8000,5,1031.73503333333
10000,5,1031.73503333333
12000,5,1031.73503333333
14000,5,1031.73503333333
16000,5,1031.73503333333
18000,5,1031.73503333333
20000,5,1031.73503333333
22000,5,1031.73503333333
24000,5,1031.69503333333
26000,5,1031.69503333333
28000,5,1031.44043333333
30000,5,1031.44043333333
32000,5,1031.44043333333
34000,5,1039.34346666667
36000,5,1041.65676666667
38000,5,1041.57916666667
40000,5,1041.16116666667
42000,5,1041.20516666667
44000,5,1040.90516666667
46000,5,1040.90516666667
48000,5,1040.90516666667
50000,5,1040.90516666667
52000,5,1040.90516666667
54000,5,1040.90516666667
56000,5,1040.90516666667
58000,5,1040.90516666667
60000,5,1040.90516666667
62000,5,1040.90516666667
64000,5,1040.90516666667
66000,5,1040.53783333333
68000,5,1040.53783333333
70000,5,1040.53783333333
72000,5,1042.238
74000,5,1040.9308
76000,5,1033.92703333333
78000,5,1034.27163333333
80000,5,1035.3778
82000,5,1045.93466666667
84000,5,1047.01836666667
86000,5,1047.01836666667
88000,5,1046.18886666667
90000,5,1046.18886666667
0,6,1163.98033333333
2000,6,1163.98033333333
4000,6,1163.98033333333
6000,6,1163.98033333333
8000,6,1163.98033333333
10000,6,1163.98033333333
12000,6,1163.98033333333
14000,6,1163.98033333333
16000,6,1163.98033333333
18000,6,1163.98033333333
20000,6,1163.98033333333
22000,6,1163.98033333333
24000,6,1163.98033333333
26000,6,1163.98033333333
28000,6,1163.98033333333
30000,6,1163.98033333333
32000,6,1163.98033333333
34000,6,1171.88336666667
36000,6,1174.19066666667
38000,6,1174.11306666667
40000,6,1173.69106666667
42000,6,1173.73506666667
44000,6,1173.73506666667
46000,6,1173.73506666667
48000,6,1173.73506666667
50000,6,1173.73506666667
52000,6,1173.73506666667
54000,6,1173.73506666667
56000,6,1173.73506666667
58000,6,1173.73506666667
60000,6,1173.73506666667
62000,6,1173.73506666667
64000,6,1173.73506666667
66000,6,1173.36773333333
68000,6,1173.36773333333
70000,6,1173.36773333333
72000,6,1174.9874
74000,6,1172.5827
76000,6,1165.57893333333
78000,6,1165.92353333333
80000,6,1166.464
82000,6,1179.14353333333
84000,6,1180.79443333333
86000,6,1180.79443333333
88000,6,1179.96493333333
90000,6,1179.96493333333
0,7,1163.89313333333
2000,7,1163.89313333333
4000,7,1163.89313333333
6000,7,1163.89313333333
8000,7,1163.89313333333
10000,7,1163.89313333333
12000,7,1163.89313333333
14000,7,1163.89313333333
16000,7,1163.89313333333
18000,7,1163.89313333333
20000,7,1163.89313333333
22000,7,1163.89313333333
24000,7,1163.89313333333
26000,7,1163.89313333333
28000,7,1163.89313333333
30000,7,1163.89313333333
32000,7,1163.89313333333
34000,7,1171.79616666667
36000,7,1174.10346666667
38000,7,1174.02586666667
40000,7,1173.60386666667
42000,7,1173.62946666667
44000,7,1173.62946666667
46000,7,1173.62946666667
48000,7,1173.62946666667
50000,7,1173.62946666667
52000,7,1173.62946666667
54000,7,1173.62946666667
56000,7,1173.62946666667
58000,7,1173.62946666667
60000,7,1173.62946666667
62000,7,1173.62946666667
64000,7,1173.62946666667
66000,7,1173.26213333333
68000,7,1173.26213333333
70000,7,1173.26213333333
72000,7,1174.8818
74000,7,1172.4771
76000,7,1165.47333333333
78000,7,1165.81793333333
80000,7,1166.3584
82000,7,1179.05633333333
84000,7,1180.70723333333
86000,7,1180.70723333333
88000,7,1179.87773333333
90000,7,1179.87773333333
0,8,1163.8391
2000,8,1163.8391
4000,8,1163.8391
6000,8,1163.8391
8000,8,1163.8391
10000,8,1163.8391
12000,8,1163.8391
14000,8,1163.8391
16000,8,1163.8391
18000,8,1163.8391
20000,8,1163.8391
22000,8,1163.8391
24000,8,1163.8391
26000,8,1163.8391
28000,8,1163.8391
30000,8,1163.8391
32000,8,1163.8391
34000,8,1171.74213333333
36000,8,1174.04943333333
38000,8,1173.97183333333
40000,8,1173.54983333333
42000,8,1173.57543333333
44000,8,1173.57543333333
46000,8,1173.57543333333
48000,8,1173.57543333333
50000,8,1173.57543333333
52000,8,1173.57543333333
54000,8,1173.57543333333
56000,8,1173.57543333333
58000,8,1173.57543333333
60000,8,1173.57543333333
62000,8,1173.57543333333
64000,8,1173.57543333333
66000,8,1173.2081
68000,8,1173.2081
70000,8,1173.2081
72000,8,1174.82776666667
74000,8,1172.42306666667
76000,8,1165.4993
78000,8,1165.8439
80000,8,1166.38436666667
82000,8,1179.0823
84000,8,1180.7332
86000,8,1180.7332
88000,8,1179.98103333333
90000,8,1179.98103333333
0,9,1162.77223333333
2000,9,1162.77223333333
4000,9,1162.77223333333
6000,9,1162.77223333333
8000,9,1162.77223333333
10000,9,1162.77223333333
12000,9,1162.77223333333
14000,9,1162.77223333333
16000,9,1162.77223333333
18000,9,1162.77223333333
20000,9,1162.77223333333
22000,9,1162.77223333333
24000,9,1162.77223333333
26000,9,1162.77223333333
28000,9,1162.77223333333
30000,9,1162.77223333333
32000,9,1162.77223333333
34000,9,1171.0746
36000,9,1173.3819
38000,9,1173.3043
40000,9,1172.8823
42000,9,1172.9079
44000,9,1172.9079
46000,9,1172.9079
48000,9,1172.9079
50000,9,1172.9079
52000,9,1172.9079
54000,9,1172.9079
56000,9,1172.9079
58000,9,1172.9079
60000,9,1172.9079
62000,9,1172.9079
64000,9,1172.9079
66000,9,1172.54056666667
68000,9,1172.54056666667
70000,9,1172.54056666667
72000,9,1174.16023333333
74000,9,1171.75553333333
76000,9,1164.83176666667
78000,9,1165.32653333333
80000,9,1165.6554
82000,9,1178.35333333333
84000,9,1180.00423333333
86000,9,1180.00423333333
88000,9,1178.96273333333
90000,9,1178.96273333333
0,10,1169.79843333333
2000,10,1169.79843333333
4000,10,1169.79843333333
6000,10,1169.79843333333
8000,10,1169.79843333333
10000,10,1169.79843333333
12000,10,1169.79843333333
14000,10,1169.79843333333
16000,10,1169.79843333333
18000,10,1169.79843333333
20000,10,1169.79843333333
22000,10,1169.79843333333
24000,10,1169.79843333333
26000,10,1169.79843333333
28000,10,1169.79843333333
30000,10,1169.79843333333
32000,10,1169.73323333333
34000,10,1178.0356
36000,10,1180.3429
38000,10,1180.2653
40000,10,1179.8433
42000,10,1179.8689
44000,10,1179.8689
46000,10,1180.1149
48000,10,1180.1149
50000,10,1180.1149
52000,10,1180.1149
54000,10,1180.1149
56000,10,1180.1149
58000,10,1180.1149
60000,10,1180.1149
62000,10,1180.1149
64000,10,1180.1149
66000,10,1179.74756666667
68000,10,1179.74756666667
70000,10,1179.74756666667
72000,10,1181.36723333333
74000,10,1178.96253333333
76000,10,1172.13476666667
78000,10,1172.62953333333
80000,10,1172.9584
82000,10,1185.92873333333
84000,10,1187.57963333333
86000,10,1187.57963333333
88000,10,1186.53813333333
90000,10,1186.53813333333
0,11,1277.29953333333
2000,11,1277.29953333333
4000,11,1277.29953333333
6000,11,1277.29953333333
8000,11,1277.29953333333
10000,11,1277.29953333333
12000,11,1277.29953333333
14000,11,1277.29953333333
16000,11,1277.29953333333
18000,11,1277.29953333333
20000,11,1277.29953333333
22000,11,1277.29953333333
24000,11,1277.29953333333
26000,11,1277.29953333333
28000,11,1277.29953333333
30000,11,1277.29953333333
32000,11,1277.23433333333
34000,11,1285.50456666667
36000,11,1287.81186666667
38000,11,1284.45966666667
40000,11,1283.64056666667
42000,11,1283.66616666667
44000,11,1283.66616666667
46000,11,1284.0935
48000,11,1284.0935
50000,11,1284.0935
52000,11,1284.0935
54000,11,1283.0191
56000,11,1283.0191
58000,11,1283.0191
60000,11,1283.0191
62000,11,1283.0191
64000,11,1283.0191
66000,11,1282.65176666667
68000,11,1282.65176666667
70000,11,1282.65176666667
72000,11,1284.35193333333
74000,11,1281.94723333333
76000,11,1275.11946666667
78000,11,1275.55996666667
80000,11,1275.91633333333
82000,11,1292.0552
84000,11,1293.96143333333
86000,11,1293.96143333333
88000,11,1292.91993333333
90000,11,1292.91993333333
0,12,1308.1464
2000,12,1308.15706666667
4000,12,1308.46536666667
6000,12,1308.56136666667
8000,12,1308.51436666667
10000,12,1308.51186666667
12000,12,1308.51186666667
14000,12,1308.68836666667
16000,12,1308.68836666667
18000,12,1308.68836666667
20000,12,1308.68836666667
22000,12,1308.68836666667
24000,12,1308.68836666667
26000,12,1308.68836666667
28000,12,1308.68836666667
30000,12,1308.7817
32000,12,1308.7817
34000,12,1317.6034
36000,12,1319.9107
38000,12,1315.3265
40000,12,1314.6436
42000,12,1313.0816
44000,12,1313.0816
46000,12,1313.60793333333
48000,12,1313.60793333333
50000,12,1312.14666666667
52000,12,1312.14666666667
54000,12,1309.50426666667
56000,12,1309.50426666667
58000,12,1309.50426666667
60000,12,1309.50426666667
62000,12,1309.50426666667
64000,12,1309.50426666667
66000,12,1309.13693333333
68000,12,1309.13693333333
70000,12,1309.13693333333
72000,12,1310.8371
74000,12,1308.4324
76000,12,1301.60463333333
78000,12,1301.65086666667
80000,12,1301.79113333333
82000,12,1319.1308
84000,12,1321.03703333333
86000,12,1321.03703333333
88000,12,1318.87973333333
90000,12,1318.87973333333
0,13,1307.5024
2000,13,1307.51306666667
4000,13,1307.82136666667
6000,13,1307.91736666667
8000,13,1307.87036666667
10000,13,1307.86786666667
12000,13,1307.86786666667
14000,13,1308.04436666667
16000,13,1308.04436666667
18000,13,1308.04436666667
20000,13,1308.04436666667
22000,13,1308.04436666667
24000,13,1308.04436666667
26000,13,1308.04436666667
28000,13,1308.04436666667
30000,13,1308.1377
32000,13,1308.1377
34000,13,1316.9594
36000,13,1319.2667
38000,13,1314.6825
40000,13,1313.9996
42000,13,1312.4376
44000,13,1312.4376
46000,13,1312.96393333333
48000,13,1312.96393333333
50000,13,1311.56066666667
52000,13,1311.56066666667
54000,13,1308.91826666667
56000,13,1308.91826666667
58000,13,1308.91826666667
60000,13,1308.91826666667
62000,13,1308.91826666667
64000,13,1308.91826666667
66000,13,1308.55093333333
68000,13,1308.55093333333
70000,13,1308.55093333333
72000,13,1310.2511
74000,13,1307.8464
76000,13,1301.01863333333
78000,13,1301.06486666667
80000,13,1301.20513333333
82000,13,1319.1308
84000,13,1321.03703333333
86000,13,1321.03703333333
88000,13,1318.87973333333
90000,13,1318.87973333333
0,14,1307.5024
2000,14,1307.51306666667
4000,14,1307.65236666667
6000,14,1307.74836666667
8000,14,1307.74836666667
10000,14,1307.74586666667
12000,14,1307.74586666667
14000,14,1307.92236666667
16000,14,1307.92236666667
18000,14,1307.92236666667
20000,14,1307.92236666667
22000,14,1307.92236666667
24000,14,1307.92236666667
26000,14,1307.92236666667
28000,14,1307.92236666667
30000,14,1308.0157
32000,14,1308.0157
34000,14,1316.8374
36000,14,1319.1447
38000,14,1314.5605
40000,14,1313.8776
42000,14,1312.3156
44000,14,1312.3156
46000,14,1312.84193333333
48000,14,1312.84193333333
50000,14,1311.43866666667
52000,14,1311.43866666667
54000,14,1308.91826666667
56000,14,1308.91826666667
58000,14,1308.91826666667
60000,14,1308.91826666667
62000,14,1308.91826666667
64000,14,1308.91826666667
66000,14,1308.55093333333
68000,14,1308.55093333333
70000,14,1308.55093333333
72000,14,1310.2511
74000,14,1307.8464
76000,14,1301.01863333333
78000,14,1301.06486666667
80000,14,1301.20513333333
82000,14,1319.1308
84000,14,1321.03703333333
86000,14,1321.03703333333
88000,14,1318.87973333333
90000,14,1318.87973333333
0,15,1307.5464
2000,15,1307.55706666667
4000,15,1307.69636666667
6000,15,1307.79236666667
8000,15,1307.79236666667
10000,15,1307.78986666667
12000,15,1307.78986666667
14000,15,1307.96636666667
16000,15,1307.96636666667
18000,15,1307.96636666667
20000,15,1307.96636666667
22000,15,1307.96636666667
24000,15,1307.96636666667
26000,15,1307.96636666667
28000,15,1307.96636666667
30000,15,1308.0597
32000,15,1308.0597
34000,15,1316.8814
36000,15,1319.1887
38000,15,1314.6045
40000,15,1313.9216
42000,15,1312.3596
44000,15,1312.3596
46000,15,1312.84193333333
48000,15,1312.84193333333
50000,15,1311.43866666667
52000,15,1311.43866666667
54000,15,1308.91826666667
56000,15,1308.91826666667
58000,15,1308.91826666667
60000,15,1308.91826666667
62000,15,1308.91826666667
64000,15,1308.91826666667
66000,15,1308.55093333333
68000,15,1308.55093333333
70000,15,1308.55093333333
72000,15,1310.2511
74000,15,1307.8464
76000,15,1301.01863333333
78000,15,1301.06486666667
80000,15,1301.20513333333
82000,15,1319.1308
84000,15,1321.03703333333
86000,15,1321.03703333333
88000,15,1318.87973333333
90000,15,1318.87973333333
0,16,1307.5464
2000,16,1307.55706666667
4000,16,1307.69636666667
6000,16,1307.79236666667
8000,16,1307.79236666667
10000,16,1307.76386666667
12000,16,1307.76386666667
14000,16,1307.94036666667
16000,16,1307.94036666667
18000,16,1307.94036666667
20000,16,1307.94036666667
22000,16,1307.94036666667
24000,16,1307.94036666667
26000,16,1307.94036666667
28000,16,1307.94036666667
30000,16,1308.0337
32000,16,1308.0337
34000,16,1316.8554
36000,16,1319.1627
38000,16,1314.5785
40000,16,1313.8956
42000,16,1312.3336
44000,16,1312.3336
46000,16,1312.81593333333
48000,16,1312.81593333333
50000,16,1311.43866666667
52000,16,1311.43866666667
54000,16,1308.91826666667
56000,16,1308.91826666667
58000,16,1308.91826666667
60000,16,1308.91826666667
62000,16,1308.91826666667
64000,16,1308.91826666667
66000,16,1308.55093333333
68000,16,1308.55093333333
70000,16,1308.55093333333
72000,16,1310.2511
74000,16,1307.8464
76000,16,1301.01863333333
78000,16,1301.06486666667
80000,16,1301.20513333333
82000,16,1319.1308
84000,16,1321.03703333333
86000,16,1321.03703333333
88000,16,1318.87973333333
90000,16,1318.87973333333
0,17,1306.8234
2000,17,1306.83406666667
4000,17,1306.97336666667
6000,17,1307.06936666667
8000,17,1307.06936666667
10000,17,1307.04086666667
12000,17,1307.04086666667
14000,17,1307.21736666667
16000,17,1307.21736666667
18000,17,1307.21736666667
20000,17,1307.21736666667
22000,17,1307.21736666667
24000,17,1307.21736666667
26000,17,1307.21736666667
28000,17,1307.21736666667
30000,17,1307.3107
32000,17,1307.3107
34000,17,1316.1324
36000,17,1318.4397
38000,17,1313.8555
40000,17,1313.1726
42000,17,1311.6106
44000,17,1311.6106
46000,17,1312.16793333333
48000,17,1312.16793333333
50000,17,1310.85866666667
52000,17,1310.85866666667
54000,17,1308.33826666667
56000,17,1308.33826666667
58000,17,1308.33826666667
60000,17,1308.33826666667
62000,17,1308.33826666667
64000,17,1308.33826666667
66000,17,1307.97093333333
68000,17,1307.97093333333
70000,17,1307.97093333333
72000,17,1309.6711
74000,17,1307.2664
76000,17,1300.43863333333
78000,17,1300.48486666667
80000,17,1300.62513333333
82000,17,1318.5508
84000,17,1320.45703333333
86000,17,1320.45703333333
88000,17,1318.29973333333
90000,17,1318.29973333333
0,18,1305.2194
2000,18,1305.23006666667
4000,18,1305.34486666667
6000,18,1305.44086666667
8000,18,1305.44086666667
10000,18,1305.43686666667
12000,18,1305.43686666667
14000,18,1305.61336666667
16000,18,1305.61336666667
18000,18,1305.61336666667
20000,18,1305.61336666667
22000,18,1305.61336666667
24000,18,1305.61336666667
26000,18,1305.61336666667
28000,18,1305.61336666667
30000,18,1305.7067
32000,18,1305.7067
34000,18,1314.5284
36000,18,1316.8357
38000,18,1312.2515
40000,18,1311.5686
42000,18,1310.0066
44000,18,1310.0066
46000,18,1310.43393333333
48000,18,1310.43393333333
50000,18,1309.15266666667
52000,18,1309.15266666667
54000,18,1306.63226666667
56000,18,1306.63226666667
58000,18,1306.63226666667
60000,18,1306.63226666667
62000,18,1306.63226666667
64000,18,1306.63226666667
66000,18,1306.26493333333
68000,18,1306.26493333333
70000,18,1306.26493333333
72000,18,1307.9651
74000,18,1305.5604
76000,18,1298.73263333333
78000,18,1298.77886666667
80000,18,1298.91913333333
82000,18,1316.8448
84000,18,1318.75103333333
86000,18,1318.75103333333
88000,18,1316.59373333333
90000,18,1316.59373333333
0,19,1315.33553333333
2000,19,1315.3462
4000,19,1315.4446
6000,19,1315.5406
8000,19,1315.5406
10000,19,1315.5366
12000,19,1315.5366
14000,19,1315.7131
16000,19,1315.7131
18000,19,1315.7131
20000,19,1315.7131
22000,19,1315.7131
24000,19,1315.7131
26000,19,1315.7131
28000,19,1315.7131
30000,19,1315.80643333333
32000,19,1315.80643333333
34000,19,1324.62813333333
36000,19,1326.93543333333
38000,19,1322.35123333333
40000,19,1321.66833333333
42000,19,1320.10633333333
44000,19,1320.10633333333
46000,19,1320.53366666667
48000,19,1320.53366666667
50000,19,1319.2524
52000,19,1319.2524
54000,19,1316.966
56000,19,1316.966
58000,19,1316.966
60000,19,1316.966
62000,19,1316.966
64000,19,1316.966
66000,19,1316.59866666667
68000,19,1316.59866666667
70000,19,1316.59866666667
72000,19,1318.29883333333
74000,19,1315.89413333333
76000,19,1309.06636666667
78000,19,1309.1126
80000,19,1309.25286666667
82000,19,1326.6996
84000,19,1328.82693333333
86000,19,1328.82693333333
88000,19,1326.66963333333
90000,19,1326.66963333333
0,20,1315.33553333333
2000,20,1315.3462
4000,20,1315.4446
6000,20,1315.5406
8000,20,1315.5406
10000,20,1315.5366
12000,20,1315.5366
14000,20,1315.7131
16000,20,1315.7131
18000,20,1315.7131
20000,20,1315.7131
22000,20,1315.7131
24000,20,1315.7131
26000,20,1315.7131
28000,20,1315.7131
30000,20,1315.80643333333
32000,20,1315.80643333333
34000,20,1324.62813333333
36000,20,1326.93543333333
38000,20,1322.35123333333
40000,20,1321.66833333333
42000,20,1320.10633333333
44000,20,1320.10633333333
46000,20,1320.49366666667
48000,20,1320.49366666667
50000,20,1319.2124
52000,20,1319.2124
54000,20,1316.926
56000,20,1316.926
58000,20,1316.926
60000,20,1316.926
62000,20,1316.926
64000,20,1316.926
66000,20,1316.55866666667
68000,20,1316.55866666667
70000,20,1316.55866666667
72000,20,1318.25883333333
74000,20,1315.85413333333
76000,20,1309.02636666667
78000,20,1309.0726
80000,20,1309.21286666667
82000,20,1326.6596
84000,20,1328.78693333333
86000,20,1328.78693333333
88000,20,1326.62963333333
90000,20,1326.62963333333
0,21,1317.08433333333
2000,21,1317.095
4000,21,1317.1934
6000,21,1317.2894
8000,21,1317.2894
10000,21,1317.2854
12000,21,1317.2854
14000,21,1317.4619
16000,21,1317.4619
18000,21,1317.4619
20000,21,1317.4619
22000,21,1317.4619
24000,21,1317.4619
26000,21,1317.4619
28000,21,1317.4619
30000,21,1317.55523333333
32000,21,1317.55523333333
34000,21,1326.37693333333
36000,21,1328.68423333333
38000,21,1324.10003333333
40000,21,1323.41713333333
42000,21,1321.85513333333
44000,21,1321.85513333333
46000,21,1322.24246666667
48000,21,1322.24246666667
50000,21,1320.9612
52000,21,1320.9612
54000,21,1318.6748
56000,21,1318.6748
58000,21,1318.6748
60000,21,1318.6748
62000,21,1318.6748
64000,21,1318.6748
66000,21,1318.30746666667
68000,21,1318.30746666667
70000,21,1318.30746666667
72000,21,1320.00763333333
74000,21,1317.60293333333
76000,21,1310.77516666667
78000,21,1310.8214
80000,21,1310.96166666667
82000,21,1328.4084
84000,21,1330.53573333333
86000,21,1330.53573333333
88000,21,1328.37843333333
90000,21,1328.37843333333
0,22,1324.28246666667
2000,22,1324.29313333333
4000,22,1324.39153333333
6000,22,1324.39153333333
8000,22,1324.39153333333
10000,22,1324.38753333333
12000,22,1324.38753333333
14000,22,1324.56403333333
16000,22,1324.56403333333
18000,22,1324.56403333333
20000,22,1324.56403333333
22000,22,1324.56403333333
24000,22,1324.56403333333
26000,22,1324.56403333333
28000,22,1324.56403333333
30000,22,1324.56403333333
32000,22,1324.56403333333
34000,22,1333.38573333333
36000,22,1335.69303333333
38000,22,1331.10883333333
40000,22,1330.42593333333
42000,22,1328.86393333333
44000,22,1328.86393333333
46000,22,1329.25126666667
48000,22,1329.25126666667
50000,22,1327.97
52000,22,1327.97
54000,22,1326.1616
56000,22,1326.1616
58000,22,1326.1616
60000,22,1326.1616
62000,22,1326.1616
64000,22,1326.1616
66000,22,1325.79426666667
68000,22,1325.79426666667
70000,22,1325.79426666667
72000,22,1327.49443333333
74000,22,1325.08973333333
76000,22,1318.26196666667
78000,22,1318.3082
80000,22,1318.44846666667
82000,22,1336.6776
84000,22,1336.61253333333
86000,22,1336.61253333333
88000,22,1334.45523333333
90000,22,1334.45523333333
0,23,1380.64406666667
2000,23,1380.64406666667
4000,23,1380.74246666667
6000,23,1380.74246666667
8000,23,1380.74246666667
10000,23,1380.73846666667
12000,23,1380.73846666667
14000,23,1380.91496666667
16000,23,1380.91496666667
18000,23,1380.91496666667
20000,23,1380.91496666667
22000,23,1380.91496666667
24000,23,1380.91496666667
26000,23,1380.91496666667
28000,23,1380.91496666667
30000,23,1380.91496666667
32000,23,1380.91496666667
34000,23,1389.73666666667
36000,23,1392.04396666667
38000,23,1387.45976666667
40000,23,1386.77686666667
42000,23,1385.21486666667
44000,23,1385.21486666667
46000,23,1385.6022
48000,23,1385.6022
50000,23,1385.3662
52000,23,1385.3662
54000,23,1383.5578
56000,23,1383.5578
58000,23,1383.5578
60000,23,1383.5578
62000,23,1383.5578
64000,23,1383.5578
66000,23,1383.19046666667
68000,23,1383.19046666667
70000,23,1383.19046666667
72000,23,1384.89063333333
74000,23,1382.48593333333
76000,23,1375.65816666667
78000,23,1376.0724
80000,23,1376.21266666667
82000,23,1395.1449
84000,23,1392.43023333333
86000,23,1392.43023333333
88000,23,1390.27293333333
90000,23,1390.27293333333
0,24,1383.44856666667
2000,24,1383.44856666667
4000,24,1383.54696666667
6000,24,1383.54696666667
8000,24,1383.54696666667
10000,24,1383.54296666667
12000,24,1383.54296666667
14000,24,1383.71946666667
16000,24,1383.71946666667
18000,24,1383.71946666667
20000,24,1383.71946666667
22000,24,1383.71946666667
24000,24,1383.71946666667
26000,24,1383.71946666667
28000,24,1383.71946666667
30000,24,1383.71946666667
32000,24,1383.71946666667
34000,24,1392.54116666667
36000,24,1394.84846666667
38000,24,1390.26426666667
40000,24,1389.58136666667
42000,24,1388.01936666667
44000,24,1388.01936666667
46000,24,1388.4067
48000,24,1388.4067
50000,24,1388.1707
52000,24,1388.1707
54000,24,1386.3623
56000,24,1386.3623
58000,24,1386.3623
60000,24,1386.3623
62000,24,1386.3623
64000,24,1386.3623
66000,24,1385.99496666667
68000,24,1385.99496666667
70000,24,1385.99496666667
72000,24,1387.69513333333
74000,24,1385.29043333333
76000,24,1378.46266666667
78000,24,1378.8769
80000,24,1379.01716666667
82000,24,1397.9494
84000,24,1395.23473333333
86000,24,1395.23473333333
88000,24,1393.07743333333
90000,24,1393.07743333333
0,25,1396.2576
2000,25,1396.2576
4000,25,1396.2576
6000,25,1396.2576
8000,25,1396.2576
10000,25,1396.2576
12000,25,1396.2576
14000,25,1396.4341
16000,25,1396.4341
18000,25,1396.4341
20000,25,1396.4341
22000,25,1396.4341
24000,25,1396.4341
26000,25,1396.4341
28000,25,1396.4341
30000,25,1396.4341
32000,25,1396.4341
34000,25,1405.2558
36000,25,1407.5631
38000,25,1402.9789
40000,25,1402.296
42000,25,1400.734
44000,25,1400.734
46000,25,1401.12133333333
48000,25,1401.12133333333
50000,25,1401.12133333333
52000,25,1401.12133333333
54000,25,1399.31293333333
56000,25,1399.31293333333
58000,25,1399.31293333333
60000,25,1399.31293333333
62000,25,1399.31293333333
64000,25,1399.31293333333
66000,25,1398.9456
68000,25,1398.9456
70000,25,1398.9456
72000,25,1400.64576666667
74000,25,1397.02506666667
76000,25,1389.5413
78000,25,1389.95553333333
80000,25,1390.2898
82000,25,1409.22203333333
84000,25,1406.50736666667
86000,25,1406.50736666667
88000,25,1404.35006666667
90000,25,1404.35006666667
0,26,1404.10813333333
2000,26,1404.10813333333
4000,26,1404.10813333333
6000,26,1404.10813333333
8000,26,1404.10813333333
10000,26,1404.10813333333
12000,26,1404.10813333333
14000,26,1404.28463333333
16000,26,1404.28463333333
18000,26,1404.28463333333
20000,26,1404.28463333333
22000,26,1404.28463333333
24000,26,1404.28463333333
26000,26,1404.28463333333
28000,26,1404.28463333333
30000,26,1404.28463333333
32000,26,1404.28463333333
34000,26,1413.10633333333
36000,26,1415.41363333333
38000,26,1410.82943333333
40000,26,1410.14653333333
42000,26,1408.55893333333
44000,26,1408.55893333333
46000,26,1408.94626666667
48000,26,1408.94626666667
50000,26,1408.94626666667
52000,26,1408.94626666667
54000,26,1407.13786666667
56000,26,1407.13786666667
58000,26,1407.13786666667
60000,26,1407.13786666667
62000,26,1407.13786666667
64000,26,1407.13786666667
66000,26,1406.77053333333
68000,26,1406.77053333333
70000,26,1406.77053333333
72000,26,1408.4707
74000,26,1403.54
76000,26,1396.05623333333
78000,26,1396.28846666667
80000,26,1396.62273333333
82000,26,1415.62256666667
84000,26,1412.9395
86000,26,1412.9395
88000,26,1410.5662
90000,26,1410.5662
0,27,1418.56596666667
2000,27,1418.56596666667
4000,27,1418.56596666667
6000,27,1418.56596666667
8000,27,1418.56596666667
10000,27,1418.56596666667
12000,27,1418.56596666667
14000,27,1418.74246666667
16000,27,1418.74246666667
18000,27,1418.74246666667
20000,27,1418.74246666667
22000,27,1418.74246666667
24000,27,1418.74246666667
26000,27,1418.74246666667
28000,27,1418.74246666667
30000,27,1418.74246666667
32000,27,1418.74246666667
34000,27,1427.56416666667
36000,27,1429.87146666667
38000,27,1425.28726666667
40000,27,1424.60436666667
42000,27,1423.01676666667
44000,27,1423.01676666667
46000,27,1423.5977
48000,27,1423.5977
50000,27,1423.5977
52000,27,1423.5977
54000,27,1421.7893
56000,27,1421.7893
58000,27,1421.7893
60000,27,1421.7893
62000,27,1421.7893
64000,27,1421.7893
66000,27,1421.42196666667
68000,27,1421.42196666667
70000,27,1421.42196666667
72000,27,1423.12213333333
74000,27,1418.64543333333
76000,27,1408.8714
78000,27,1409.84896666667
80000,27,1410.80963333333
82000,27,1429.80946666667
84000,27,1427.1264
86000,27,1427.1264
88000,27,1424.7531
90000,27,1424.7531
0,28,1417.9309
2000,28,1417.9309
4000,28,1417.9309
6000,28,1417.9309
8000,28,1417.9309
10000,28,1417.9309
12000,28,1417.9309
14000,28,1418.1074
16000,28,1418.1074
18000,28,1418.1074
20000,28,1418.1074
22000,28,1418.1074
24000,28,1418.1074
26000,28,1418.1074
28000,28,1418.1074
30000,28,1418.1074
32000,28,1418.1074
34000,28,1426.9291
36000,28,1429.2364
38000,28,1424.6522
40000,28,1423.9693
42000,28,1422.3817
44000,28,1422.3817
46000,28,1422.96263333333
48000,28,1422.96263333333
50000,28,1422.96263333333
52000,28,1422.96263333333
54000,28,1421.15423333333
56000,28,1421.15423333333
58000,28,1421.15423333333
60000,28,1421.15423333333
62000,28,1421.15423333333
64000,28,1421.15423333333
66000,28,1420.7869
68000,28,1420.7869
70000,28,1420.7869
72000,28,1422.48706666667
74000,28,1418.01036666667
76000,28,1408.51783333333
78000,28,1409.4954
80000,28,1410.45606666667
82000,28,1429.4559
84000,28,1426.77283333333
86000,28,1426.77283333333
88000,28,1424.39953333333
90000,28,1424.39953333333
0,29,1420.86943333333
2000,29,1420.86943333333
4000,29,1420.86943333333
6000,29,1420.86943333333
8000,29,1420.86943333333
10000,29,1420.86943333333
12000,29,1420.86943333333
14000,29,1421.04593333333
16000,29,1421.04593333333
18000,29,1421.04593333333
20000,29,1421.04593333333
22000,29,1421.04593333333
24000,29,1421.04593333333
26000,29,1421.04593333333
28000,29,1421.04593333333
30000,29,1421.04593333333
32000,29,1421.04593333333
34000,29,1430.00963333333
36000,29,1432.31693333333
38000,29,1427.73273333333
40000,29,1427.94983333333
42000,29,1426.36223333333
44000,29,1426.36223333333
46000,29,1426.94316666667
48000,29,1426.94316666667
50000,29,1426.94316666667
52000,29,1426.94316666667
54000,29,1425.13476666667
56000,29,1425.13476666667
58000,29,1425.13476666667
60000,29,1425.13476666667
62000,29,1425.13476666667
64000,29,1425.13476666667
66000,29,1424.76743333333
68000,29,1424.76743333333
70000,29,1424.76743333333
72000,29,1426.4676
74000,29,1421.9909
76000,29,1412.49836666667
78000,29,1413.79993333333
80000,29,1414.7606
82000,29,1433.81893333333
84000,29,1431.32866666667
86000,29,1431.32866666667
88000,29,1428.95536666667
90000,29,1428.95536666667
0,30,1415.87853333333
2000,30,1415.87853333333
4000,30,1415.87853333333
6000,30,1415.87853333333
8000,30,1415.87853333333
10000,30,1415.87853333333
12000,30,1415.87853333333
14000,30,1416.05503333333
16000,30,1416.05503333333
18000,30,1416.05503333333
20000,30,1416.05503333333
22000,30,1416.05503333333
24000,30,1416.05503333333
26000,30,1416.05503333333
28000,30,1416.05503333333
30000,30,1416.05503333333
32000,30,1416.05503333333
34000,30,1425.01873333333
36000,30,1427.32603333333
38000,30,1422.74183333333
40000,30,1422.95893333333
42000,30,1421.37133333333
44000,30,1421.37133333333
46000,30,1421.95226666667
48000,30,1421.95226666667
50000,30,1421.95226666667
52000,30,1421.95226666667
54000,30,1420.14386666667
56000,30,1420.14386666667
58000,30,1420.14386666667
60000,30,1420.14386666667
62000,30,1420.14386666667
64000,30,1420.14386666667
66000,30,1419.77653333333
68000,30,1419.77653333333
70000,30,1419.77653333333
72000,30,1421.4767
74000,30,1416.82733333333
76000,30,1407.3348
78000,30,1408.35786666667
80000,30,1409.09613333333
82000,30,1427.87696666667
84000,30,1425.3867
86000,30,1425.3867
88000,30,1423.0134
90000,30,1423.0134
0,31,1415.91353333333
2000,31,1415.91353333333
4000,31,1415.91353333333
6000,31,1415.91353333333
8000,31,1415.91353333333
10000,31,1415.91353333333
12000,31,1415.91353333333
14000,31,1416.09003333333
16000,31,1416.09003333333
18000,31,1416.09003333333
20000,31,1416.09003333333
22000,31,1416.09003333333
24000,31,1416.09003333333
26000,31,1416.09003333333
28000,31,1416.09003333333
30000,31,1416.09003333333
32000,31,1416.09003333333
34000,31,1425.05373333333
36000,31,1427.36103333333
38000,31,1422.77683333333
40000,31,1422.99393333333
42000,31,1421.40633333333
44000,31,1421.40633333333
46000,31,1421.98726666667
48000,31,1421.98726666667
50000,31,1421.98726666667
52000,31,1421.98726666667
54000,31,1420.17886666667
56000,31,1420.17886666667
58000,31,1420.17886666667
60000,31,1420.17886666667
62000,31,1420.17886666667
64000,31,1420.17886666667
66000,31,1419.81153333333
68000,31,1419.81153333333
70000,31,1419.81153333333
72000,31,1421.5117
74000,31,1416.86233333333
76000,31,1407.3698
78000,31,1408.39286666667
80000,31,1409.13113333333
82000,31,1427.7085
84000,31,1425.21823333333
86000,31,1425.21823333333
88000,31,1422.84493333333
90000,31,1422.84493333333
0,32,1404.0999
2000,32,1404.0999
4000,32,1404.0999
6000,32,1404.0999
8000,32,1404.0999
10000,32,1404.0999
12000,32,1404.0999
14000,32,1404.2764
16000,32,1404.2764
18000,32,1404.2764
20000,32,1404.2764
22000,32,1404.2764
24000,32,1404.2764
26000,32,1404.2764
28000,32,1404.2764
30000,32,1404.2764
32000,32,1404.2764
34000,32,1413.2401
36000,32,1415.5474
38000,32,1410.9632
40000,32,1411.1803
42000,32,1409.5927
44000,32,1409.5927
46000,32,1410.17363333333
48000,32,1410.17363333333
50000,32,1410.17363333333
52000,32,1410.17363333333
54000,32,1408.36523333333
56000,32,1408.36523333333
58000,32,1408.36523333333
60000,32,1408.36523333333
62000,32,1408.36523333333
64000,32,1408.36523333333
66000,32,1407.9979
68000,32,1407.9979
70000,32,1407.9979
72000,32,1409.69806666667
74000,32,1405.0487
76000,32,1395.55616666667
78000,32,1396.21123333333
80000,32,1396.4955
82000,32,1413.93206666667
84000,32,1411.4418
86000,32,1411.4418
88000,32,1409.0685
90000,32,1409.0685
0,33,1404.0999
2000,33,1404.0999
4000,33,1404.0999
6000,33,1404.0999
8000,33,1404.0999
10000,33,1404.0999
12000,33,1404.0999
14000,33,1404.2764
16000,33,1404.2764
18000,33,1404.2764
20000,33,1404.2764
22000,33,1404.2764
24000,33,1404.2764
26000,33,1404.2764
28000,33,1404.2764
30000,33,1404.2764
32000,33,1404.2764
34000,33,1413.2401
36000,33,1415.5474
38000,33,1410.9632
40000,33,1411.1803
42000,33,1409.5927
44000,33,1409.5927
46000,33,1410.17363333333
48000,33,1410.17363333333
50000,33,1410.17363333333
52000,33,1410.17363333333
54000,33,1408.36523333333
56000,33,1408.36523333333
58000,33,1408.36523333333
60000,33,1408.36523333333
62000,33,1408.36523333333
64000,33,1408.36523333333
66000,33,1407.9979
68000,33,1407.9979
70000,33,1407.9979
72000,33,1409.69806666667
74000,33,1405.0487
76000,33,1395.55616666667
78000,33,1396.21123333333
80000,33,1396.4955
82000,33,1413.93206666667
84000,33,1411.4418
86000,33,1411.4418
88000,33,1409.0685
90000,33,1409.0685
0,34,1402.7749
2000,34,1402.7749
4000,34,1402.7749
6000,34,1402.7749
8000,34,1402.7749
10000,34,1402.7749
12000,34,1402.7749
14000,34,1402.9514
16000,34,1402.9514
18000,34,1402.9514
20000,34,1402.9514
22000,34,1402.9514
24000,34,1402.9514
26000,34,1402.9514
28000,34,1402.9514
30000,34,1402.9514
32000,34,1402.9514
34000,34,1411.9151
36000,34,1414.2224
38000,34,1409.6382
40000,34,1409.8553
42000,34,1408.2677
44000,34,1408.2677
46000,34,1408.84863333333
48000,34,1408.84863333333
50000,34,1408.84863333333
52000,34,1408.84863333333
54000,34,1407.04023333333
56000,34,1407.04023333333
58000,34,1407.04023333333
60000,34,1407.04023333333
62000,34,1407.04023333333
64000,34,1407.04023333333
66000,34,1406.6729
68000,34,1406.6729
70000,34,1406.6729
72000,34,1408.37306666667
74000,34,1403.7237
76000,34,1394.23116666667
78000,34,1394.88623333333
80000,34,1395.1705
82000,34,1412.60706666667
84000,34,1410.1168
86000,34,1410.1168
88000,34,1407.7435
90000,34,1407.7435
0,35,1402.7749
2000,35,1402.7749
4000,35,1402.7749
6000,35,1402.7749
8000,35,1402.7749
10000,35,1402.7749
12000,35,1402.7749
14000,35,1402.9514
16000,35,1402.9514
18000,35,1402.9514
20000,35,1402.9514
22000,35,1402.9514
24000,35,1402.9514
26000,35,1402.9514
28000,35,1402.9514
30000,35,1402.9514
32000,35,1402.9514
34000,35,1411.9151
36000,35,1414.2224
38000,35,1409.6382
40000,35,1409.8553
42000,35,1408.2677
44000,35,1408.2677
46000,35,1408.84863333333
48000,35,1408.84863333333
50000,35,1408.84863333333
52000,35,1408.84863333333
54000,35,1407.04023333333
56000,35,1407.04023333333
58000,35,1407.04023333333
60000,35,1407.04023333333
62000,35,1407.04023333333
64000,35,1407.04023333333
66000,35,1406.6729
68000,35,1406.6729
70000,35,1406.6729
72000,35,1408.37306666667
74000,35,1403.7237
76000,35,1394.23116666667
78000,35,1394.88623333333
80000,35,1395.1705
82000,35,1412.60706666667
84000,35,1410.1168
86000,35,1410.1168
88000,35,1407.7435
90000,35,1407.7435
0,36,1402.7749
2000,36,1402.7749
4000,36,1402.7749
6000,36,1402.7749
8000,36,1402.7749
10000,36,1402.7749
12000,36,1402.7749
14000,36,1402.9514
16000,36,1402.9514
18000,36,1402.9514
20000,36,1402.9514
22000,36,1402.9514
24000,36,1402.9514
26000,36,1402.9514
28000,36,1402.9514
30000,36,1402.9514
32000,36,1402.9514
34000,36,1411.9151
36000,36,1414.2224
38000,36,1409.6382
40000,36,1409.8553
42000,36,1408.2677
44000,36,1408.2677
46000,36,1408.84863333333
48000,36,1408.84863333333
50000,36,1408.84863333333
52000,36,1408.84863333333
54000,36,1407.04023333333
56000,36,1407.04023333333
58000,36,1407.04023333333
60000,36,1407.04023333333
62000,36,1407.04023333333
64000,36,1407.04023333333
66000,36,1406.6729
68000,36,1406.6729
70000,36,1406.6729
72000,36,1408.37306666667
74000,36,1403.7237
76000,36,1394.23116666667
78000,36,1394.88623333333
80000,36,1395.1705
82000,36,1412.60706666667
84000,36,1410.1168
86000,36,1410.1168
88000,36,1407.7435
90000,36,1407.7435
0,37,1401.1249
2000,37,1401.1249
4000,37,1401.1249
6000,37,1401.1249
8000,37,1401.1249
10000,37,1401.1249
12000,37,1401.1249
14000,37,1401.3014
16000,37,1401.3014
18000,37,1401.3014
20000,37,1401.3014
22000,37,1401.3014
24000,37,1401.3014
26000,37,1401.3014
28000,37,1401.3014
30000,37,1401.3014
32000,37,1401.3014
34000,37,1410.2651
36000,37,1412.5724
38000,37,1407.9882
40000,37,1408.2053
42000,37,1406.6177
44000,37,1406.6177
46000,37,1407.19863333333
48000,37,1407.19863333333
50000,37,1407.19863333333
52000,37,1407.19863333333
54000,37,1405.39023333333
56000,37,1405.39023333333
58000,37,1405.39023333333
60000,37,1405.39023333333
62000,37,1405.39023333333
64000,37,1405.39023333333
66000,37,1405.0229
68000,37,1405.0229
70000,37,1405.0229
72000,37,1406.72306666667
74000,37,1402.0737
76000,37,1392.58116666667
78000,37,1393.23623333333
80000,37,1393.5205
82000,37,1412.60706666667
84000,37,1410.1168
86000,37,1410.1168
88000,37,1407.7435
90000,37,1407.7435
0,38,1401.1249
2000,38,1401.1249
4000,38,1401.1249
6000,38,1401.1249
8000,38,1401.1249
10000,38,1401.1249
12000,38,1401.1249
14000,38,1401.3014
16000,38,1401.3014
18000,38,1401.3014
20000,38,1401.3014
22000,38,1401.3014
24000,38,1401.3014
26000,38,1401.3014
28000,38,1401.3014
30000,38,1401.3014
32000,38,1401.3014
34000,38,1410.2651
36000,38,1412.5724
38000,38,1407.9882
40000,38,1408.2053
42000,38,1406.6177
44000,38,1406.6177
46000,38,1407.19863333333
48000,38,1407.19863333333
50000,38,1407.19863333333
52000,38,1407.19863333333
54000,38,1405.39023333333
56000,38,1405.39023333333
58000,38,1405.39023333333
60000,38,1405.39023333333
62000,38,1405.39023333333
64000,38,1405.39023333333
66000,38,1405.0229
68000,38,1405.0229
70000,38,1405.0229
72000,38,1406.72306666667
74000,38,1402.0737
76000,38,1392.58116666667
78000,38,1393.23623333333
80000,38,1393.5205
82000,38,1412.60706666667
84000,38,1410.1168
86000,38,1410.1168
88000,38,1407.7435
90000,38,1407.7435
0,39,1401.1249
2000,39,1401.1249
4000,39,1401.1249
6000,39,1401.1249
8000,39,1401.1249
10000,39,1401.1249
12000,39,1401.1249
14000,39,1401.3014
16000,39,1401.3014
18000,39,1401.3014
20000,39,1401.3014
22000,39,1401.3014
24000,39,1401.3014
26000,39,1401.3014
28000,39,1401.3014
30000,39,1401.3014
32000,39,1401.3014
34000,39,1410.2651
36000,39,1412.5724
38000,39,1407.9882
40000,39,1408.2053
42000,39,1406.6177
44000,39,1406.6177
46000,39,1407.19863333333
48000,39,1407.19863333333
50000,39,1407.19863333333
52000,39,1407.19863333333
54000,39,1405.39023333333
56000,39,1405.39023333333
58000,39,1405.39023333333
60000,39,1405.39023333333
62000,39,1405.39023333333
64000,39,1405.39023333333
66000,39,1405.0229
68000,39,1405.0229
70000,39,1405.0229
72000,39,1406.72306666667
74000,39,1402.0737
76000,39,1392.58116666667
78000,39,1393.23623333333
80000,39,1393.5205
82000,39,1412.60706666667
84000,39,1410.1168
86000,39,1410.1168
88000,39,1407.7435
90000,39,1407.7435
0,40,1401.1249
2000,40,1401.1249
4000,40,1401.1249
6000,40,1401.1249
8000,40,1401.1249
10000,40,1401.1249
12000,40,1401.1249
14000,40,1401.3014
16000,40,1401.3014
18000,40,1401.3014
20000,40,1401.3014
22000,40,1401.3014
24000,40,1401.3014
26000,40,1401.3014
28000,40,1401.3014
30000,40,1401.3014
32000,40,1401.3014
34000,40,1410.2651
36000,40,1412.5724
38000,40,1407.9882
40000,40,1408.2053
42000,40,1406.6177
44000,40,1406.6177
46000,40,1407.19863333333
48000,40,1407.19863333333
50000,40,1407.19863333333
52000,40,1407.19863333333
54000,40,1405.39023333333
56000,40,1405.39023333333
58000,40,1405.39023333333
60000,40,1405.39023333333
62000,40,1405.39023333333
64000,40,1405.39023333333
66000,40,1405.0229
68000,40,1405.0229
70000,40,1405.0229
72000,40,1406.72306666667
74000,40,1402.0737
76000,40,1392.58116666667
78000,40,1393.23623333333
80000,40,1393.5205
82000,40,1412.60706666667
84000,40,1410.1168
86000,40,1410.1168
88000,40,1407.7435
90000,40,1407.7435
